Line,Total_Transfer_Capacity,Start_Transfer_Capacity,Change_in_Transfer_Capacity
1,5370.258389999998,3702.0,1668.2583899999981
2,8388.440090000004,5529.0,2859.4400900000037
