Line,Total_Transfer_Capacity,Start_Transfer_Capacity,Change_in_Transfer_Capacity
1,5968.369750000001,3702.0,2266.3697500000007
2,9267.603550000002,5529.0,3738.6035500000016
