ID,Zone,Resource,Total_Storage_MWh,Start_Storage_MWh,Change_in_Storage_MWh
27,1,battery,0.0,0.0,0.0
40,2,battery,0.0,0.0,0.0
54,3,battery,0.0,0.0,0.0
56,1,Hydrogen,596301.1780137215,0.0,596301.1780137215
57,2,Hydrogen,513669.63051106175,0.0,513669.63051106175
58,3,Hydrogen,1.111925247782041e6,0.0,1.111925247782041e6
