ID,Zone,Resource,Total_Storage_MWh,Start_Storage_MWh,Change_in_Storage_MWh
27,1,battery,0.0,0.0,0.0
40,2,battery,0.0,0.0,0.0
54,3,battery,0.0,0.0,0.0
56,1,Hydrogen,762618.9452700494,0.0,762618.9452700494
57,2,Hydrogen,663600.872418125,0.0,663600.872418125
58,3,Hydrogen,2.7018597243596404e6,0.0,2.7018597243596404e6
