ID,Zone,Resource,Total_Storage_MWh,Start_Storage_MWh,Change_in_Storage_MWh
27,1,battery,0.0,0.0,0.0
40,2,battery,0.0,0.0,0.0
54,3,battery,0.0,0.0,0.0
56,1,Hydrogen,534741.9935432343,0.0,534741.9935432343
57,2,Hydrogen,731556.2948300582,0.0,731556.2948300582
58,3,Hydrogen,3.1782400096563995e6,0.0,3.1782400096563995e6
