ID,Zone,Resource,Total_Storage_MWh,Start_Storage_MWh,Change_in_Storage_MWh
27,1,battery,0.0,0.0,0.0
40,2,battery,0.0,0.0,0.0
54,3,battery,0.0,0.0,0.0
56,1,Hydrogen,204134.64399540232,0.0,204134.64399540232
57,2,Hydrogen,106557.02210425575,0.0,106557.02210425575
58,3,Hydrogen,579442.078351076,0.0,579442.078351076
