ID,Zone,Resource,Total_Storage_MWh,Start_Storage_MWh,Change_in_Storage_MWh
27,1,battery,0.0,0.0,0.0
40,2,battery,0.0,0.0,0.0
54,3,battery,0.0,0.0,0.0
56,1,Hydrogen,609368.9552348008,0.0,609368.9552348008
57,2,Hydrogen,358683.1430830837,0.0,358683.1430830837
58,3,Hydrogen,898157.559652163,0.0,898157.559652163
