Line,Total_Transfer_Capacity,Start_Transfer_Capacity,Change_in_Transfer_Capacity
1,5513.949860971624,3702.0,1811.9498609716238
2,8158.400350000001,5529.0,2629.400350000001
