ID,Zone,Resource,Total_Storage_MWh,Start_Storage_MWh,Change_in_Storage_MWh
27,1,battery,0.0,0.0,0.0
40,2,battery,0.0,0.0,0.0
54,3,battery,0.0,0.0,0.0
56,1,Hydrogen,122455.75158846751,0.0,122455.75158846751
57,2,Hydrogen,0.0,0.0,0.0
58,3,Hydrogen,28454.83010250002,0.0,28454.83010250002
