Line,Total_Transfer_Capacity,Start_Transfer_Capacity,Change_in_Transfer_Capacity
1,4270.036121330069,3702.0,568.0361213300694
2,6632.919036330071,5529.0,1103.9190363300713
