ID,Zone,Resource,Total_Storage_MWh,Start_Storage_MWh,Change_in_Storage_MWh
27,1,battery,0.0,0.0,0.0
40,2,battery,0.0,0.0,0.0
54,3,battery,0.0,0.0,0.0
56,1,Hydrogen,14170.678007773657,0.0,14170.678007773657
57,2,Hydrogen,-3.637978807091713e-12,0.0,-3.637978807091713e-12
58,3,Hydrogen,61809.25612361285,0.0,61809.25612361285
