Line,Total_Transfer_Capacity,Start_Transfer_Capacity,Change_in_Transfer_Capacity
1,4204.748694972764,3702.0,502.7486949727636
2,7202.742957472765,5529.0,1673.7429574727648
