Line,Total_Transfer_Capacity,Start_Transfer_Capacity,Change_in_Transfer_Capacity
1,5266.079147618829,3702.0,1564.0791476188288
2,8029.815166708928,5529.0,2500.815166708928
