Total_Costs,Fixed_Costs_Generation,Fixed_Costs_Storage,Fixed_Costs_Transmission,Variable_Costs,NSE_Costs
20054.631612899702,9072.741743655026,16.68871367547086,161.83265462643178,10716.5733887995,86.79511214325586
