Line,Total_Transfer_Capacity,Start_Transfer_Capacity,Change_in_Transfer_Capacity
1,6296.841620322139,3702.0,2594.8416203221386
2,8738.951743151736,5529.0,3209.951743151736
