ID,Zone,Resource,Total_Storage_MWh,Start_Storage_MWh,Change_in_Storage_MWh
27,1,battery,0.0,0.0,0.0
40,2,battery,0.0,0.0,0.0
54,3,battery,0.0,0.0,0.0
56,1,Hydrogen,372549.6601621377,0.0,372549.6601621377
57,2,Hydrogen,269750.8214013799,0.0,269750.8214013799
58,3,Hydrogen,422619.2720027843,0.0,422619.2720027843
