Total_Costs,Fixed_Costs_Generation,Fixed_Costs_Storage,Fixed_Costs_Transmission,Variable_Costs,NSE_Costs
19218.55425330895,8701.163136432895,7.078384796585243,132.67618939069882,10352.566525456967,25.07001722896842
