ID,Zone,Resource,Total_Storage_MWh,Start_Storage_MWh,Change_in_Storage_MWh
27,1,battery,0.0,0.0,0.0
40,2,battery,0.0,0.0,0.0
54,3,battery,0.0,0.0,0.0
56,1,Hydrogen,133180.86430853684,0.0,133180.86430853684
57,2,Hydrogen,0.0,0.0,0.0
58,3,Hydrogen,20697.066052011938,0.0,20697.066052011938
