Line,Total_Transfer_Capacity,Start_Transfer_Capacity,Change_in_Transfer_Capacity
1,5506.361252071805,3702.0,1804.3612520718052
2,8335.158337671452,5529.0,2806.1583376714516
