Line,Total_Transfer_Capacity,Start_Transfer_Capacity,Change_in_Transfer_Capacity
1,4289.57991,3702.0,587.5799100000004
2,7421.19223832618,5529.0,1892.19223832618
