ID,Zone,Resource,Total_Storage_MWh,Start_Storage_MWh,Change_in_Storage_MWh
27,1,battery,0.0,0.0,0.0
40,2,battery,0.0,0.0,0.0
54,3,battery,0.0,0.0,0.0
56,1,Hydrogen,13028.834722395684,0.0,13028.834722395684
57,2,Hydrogen,59437.43432242842,0.0,59437.43432242842
58,3,Hydrogen,8618.047824426209,0.0,8618.047824426209
