Line,Total_Transfer_Capacity,Start_Transfer_Capacity,Change_in_Transfer_Capacity
1,5723.5082699999975,3702.0,2021.5082699999975
2,8899.59622,5529.0,3370.5962199999994
