Line,Total_Transfer_Capacity,Start_Transfer_Capacity,Change_in_Transfer_Capacity
1,4118.63350722619,3702.0,416.63350722619
2,6362.381052237732,5529.0,833.3810522377316
