Line,Total_Transfer_Capacity,Start_Transfer_Capacity,Change_in_Transfer_Capacity
1,4772.99662,3702.0,1070.99662
2,7482.504040000004,5529.0,1953.5040400000044
