time_subset,time,time1,hours
10_days,3.377726676,0.075380184,240
4_weeks,30.646471969,0.233280169,672
8_weeks,112.207250464,0.438576713,1344
16_weeks,343.078491004,0.907913933,2688
