time_subset,time,time1,hours
10_days,14.605220709,0.069092559,240
4_weeks,20.798754792,0.198363128,672
8_weeks,92.541053489,0.400263533,1344
16_weeks,300.263093153,0.888705157,2688
