time_subset,time,time1,hours
10_days,2.604311927,0.069921718,240
4_weeks,21.057252909,0.199342705,672
8_weeks,95.001781418,0.422063318,1344
16_weeks,305.080213723,0.908192484,2688
