time_subset,time,time1,hours
10_days,3.552695752,0.071368889,240
4_weeks,29.962756957,0.203070377,672
8_weeks,108.860073477,0.42021228,1344
16_weeks,326.269844976,1.031614543,2688
