time_subset,time,time1,hours
10_days,17.685217471,0.07223447,240
4_weeks,22.645924613,0.208242155,672
8_weeks,102.407656777,0.437901765,1344
16_weeks,326.453280376,0.975826754,2688
