Total_Costs,Fixed_Costs_Generation,Fixed_Costs_Storage,Fixed_Costs_Transmission,Variable_Costs,NSE_Costs,Start_costs,type
14227.888980392194,5186.520689370694,0.0,132.3529610787635,8884.402280893617,24.613049048732528,0.0,No UC
17385.475216052986,8756.272922437227,168.39703001846775,97.43833784360427,8161.175239601629,201.4958684019544,0.6958177500000001,With UC
