Total_Costs,Fixed_Costs_Generation,Fixed_Costs_Storage,Fixed_Costs_Transmission,Variable_Costs,NSE_Costs,Start_costs,type
14227.888980392194,5186.520689370694,0.0,132.3529610787635,8884.402280893617,24.613049048732528,0.0,No UC
14249.479413821988,5115.598541639067,0.5510548495304871,136.18686693608987,8967.69515202343,27.696125898432815,1.7516724749999977,With UC
