Solution_Type,total_cost,total_capacity,total_generation,nse_cost
No UC,14227.888980392194,116222.92745243676,454768.920339886,24.613049048732528
UC,14249.479413821988,115517.21364716809,454804.6221738361,27.696125898432815
