Solution_Type,total_cost,total_capacity,total_generation,nse_cost
No UC,14227.888980392194,116222.92745243676,454768.920339886,24.613049048732528
UC,14255.189115117391,116146.7341108149,454866.8619312986,17.548062739929943
