Solution_Type,total_cost,total_capacity,total_generation,nse_cost
No UC,14227.888980392194,116222.92745243676,454768.920339886,24.613049048732528
UC,17385.475216052986,114705.44551036893,461479.601245831,201.4958684019544
