Solution_Type,total_cost,total_capacity,total_generation,nse_cost
No UC,14227.888980392194,116222.92745243676,454768.920339886,24.613049048732528
UC,17385.125538726894,114552.48881015305,461284.56081776635,205.89421300597834
