Total_Costs,Fixed_Costs_Generation,Fixed_Costs_Storage,Fixed_Costs_Transmission,Variable_Costs,NSE_Costs,Start_costs
17376.32891954653,8740.832722303689,167.53482026041235,97.4535972393879,8163.997284003146,205.888305634496,0.62219010523566
17385.475216052986,8756.272922437227,168.39703001846775,97.43833784360427,8161.175239601629,201.4958684019544,0.6958177500000001
