linear_relaxation_time,UC_time
160.654233849,1597.877020063
