linear_relaxation_time,UC_time
161.676201865,1664.232438504
