linear_relaxation_time,UC_time
240.28670783,5355.52648157
