linear_relaxation_time,UC_time
255.885599297,4822.507471407
