Total_Costs,Fixed_Costs_Generation,Fixed_Costs_Storage,Fixed_Costs_Transmission,Variable_Costs,NSE_Costs,Start_costs
17376.328919546537,8740.832722303689,167.53482026041462,97.45359723938807,8163.997284003143,205.8883056344954,0.6221901052356583
17385.125538726894,8750.385404394767,168.00978997294612,97.48098875464298,8162.732761388545,205.89421300597834,0.6223812100000002
