time_subset,time,time1,hours
10_days,3.444786154,0.073449818,240
4_weeks,30.861925122,0.214059015,672
8_weeks,111.489079406,0.438761261,1344
16_weeks,319.366978563,0.907786957,2688
