time_subset,time,time1,hours
10_days,2.653275923,0.069279052,240
4_weeks,20.749509157,0.195916354,672
8_weeks,93.049577983,0.415952936,1344
16_weeks,299.09954111,0.916083407,2688
