ID,Zone,Resource,Total_Storage_MWh,Start_Storage_MWh,Change_in_Storage_MWh
27,1,battery,0.0,0.0,0.0
40,2,battery,0.0,0.0,0.0
54,3,battery,0.0,0.0,0.0
56,1,Hydrogen,57436.95333296512,0.0,57436.95333296512
57,2,Hydrogen,237324.40970995894,0.0,237324.40970995894
58,3,Hydrogen,73213.45456256613,0.0,73213.45456256613
