Total_Costs,Fixed_Costs_Generation,Fixed_Costs_Storage,Fixed_Costs_Transmission,Variable_Costs,NSE_Costs
14187.410542307023,4682.163810968861,0.7724021895853225,75.72588217191863,9398.136540332227,30.611906644437386
