Line,Total_Transfer_Capacity,Start_Transfer_Capacity,Change_in_Transfer_Capacity
1,4282.898880042636,3702.0,580.8988800426359
2,7302.126005042635,5529.0,1773.1260050426354
