Line,Total_Transfer_Capacity,Start_Transfer_Capacity,Change_in_Transfer_Capacity
1,6213.857190598946,3702.0,2511.8571905989456
2,9489.724440598946,5529.0,3960.724440598946
