Line,Total_Transfer_Capacity,Start_Transfer_Capacity,Change_in_Transfer_Capacity
1,4333.133383380944,3702.0,631.133383380944
2,7351.315083380946,5529.0,1822.315083380946
