Line,Total_Transfer_Capacity,Start_Transfer_Capacity,Change_in_Transfer_Capacity
1,5508.0260643576075,3702.0,1806.0260643576075
2,8158.400350000001,5529.0,2629.400350000001
