Total_Costs,Fixed_Costs_Generation,Fixed_Costs_Storage,Fixed_Costs_Transmission,Variable_Costs,NSE_Costs
20543.791716719697,12270.590301848018,85.84564426662219,199.76244441665716,7984.453733596759,3.1395925935494797
