Line,Total_Transfer_Capacity,Start_Transfer_Capacity,Change_in_Transfer_Capacity
1,4595.43231,3702.0,893.4323100000001
2,6626.1478015620305,5529.0,1097.1478015620305
