Line,Total_Transfer_Capacity,Start_Transfer_Capacity,Change_in_Transfer_Capacity
1,5513.949860971623,3702.0,1811.949860971623
2,8158.400350000002,5529.0,2629.4003500000017
