ID,Zone,Resource,Total_Storage_MWh,Start_Storage_MWh,Change_in_Storage_MWh
27,1,battery,0.0,0.0,0.0
40,2,battery,0.0,0.0,0.0
54,3,battery,0.0,0.0,0.0
56,1,Hydrogen,39873.56465844728,0.0,39873.56465844728
57,2,Hydrogen,149985.20171102168,0.0,149985.20171102168
58,3,Hydrogen,6845.431675607892,0.0,6845.431675607892
