Line,Total_Transfer_Capacity,Start_Transfer_Capacity,Change_in_Transfer_Capacity
1,6264.027069999998,3702.0,2562.0270699999983
2,9539.89432,5529.0,4010.8943199999994
