ID,Zone,Resource,Total_Storage_MWh,Start_Storage_MWh,Change_in_Storage_MWh
27,1,battery,0.0,0.0,0.0
40,2,battery,0.0,0.0,0.0
54,3,battery,0.0,0.0,0.0
56,1,Hydrogen,297327.71432733984,0.0,297327.71432733984
57,2,Hydrogen,157735.70130905462,0.0,157735.70130905462
58,3,Hydrogen,940099.89157077,0.0,940099.89157077
