ID,Zone,Resource,Total_Storage_MWh,Start_Storage_MWh,Change_in_Storage_MWh
27,1,battery,0.0,0.0,0.0
40,2,battery,0.0,0.0,0.0
54,3,battery,0.0,0.0,0.0
56,1,Hydrogen,175932.77977620804,0.0,175932.77977620804
57,2,Hydrogen,115555.24445128547,0.0,115555.24445128547
58,3,Hydrogen,248727.47537858275,0.0,248727.47537858275
