Line,Total_Transfer_Capacity,Start_Transfer_Capacity,Change_in_Transfer_Capacity
1,5655.98447369297,3702.0,1953.98447369297
2,8209.964930000002,5529.0,2680.964930000002
