Line,Total_Transfer_Capacity,Start_Transfer_Capacity,Change_in_Transfer_Capacity
1,5928.439020000001,3702.0,2226.4390200000007
2,9311.479770000002,5529.0,3782.4797700000017
