Line,Total_Transfer_Capacity,Start_Transfer_Capacity,Change_in_Transfer_Capacity
1,6651.212787188839,3702.0,2949.212787188839
2,9769.96951877816,5529.0,4240.96951877816
