ID,Zone,Resource,Total_Storage_MWh,Start_Storage_MWh,Change_in_Storage_MWh
27,1,battery,0.0,0.0,0.0
40,2,battery,0.0,0.0,0.0
54,3,battery,0.0,0.0,0.0
56,1,Hydrogen,82814.52268416734,0.0,82814.52268416734
57,2,Hydrogen,452053.2499390768,0.0,452053.2499390768
58,3,Hydrogen,223765.08003880476,0.0,223765.08003880476
