ID,Zone,Resource,Total_Storage_MWh,Start_Storage_MWh,Change_in_Storage_MWh
27,1,battery,0.0,0.0,0.0
40,2,battery,0.0,0.0,0.0
54,3,battery,0.0,0.0,0.0
56,1,Hydrogen,963737.296813552,0.0,963737.296813552
57,2,Hydrogen,418150.5336258496,0.0,418150.5336258496
58,3,Hydrogen,728828.2721313655,0.0,728828.2721313655
