Line,Total_Transfer_Capacity,Start_Transfer_Capacity,Change_in_Transfer_Capacity
1,5607.79553859884,3702.0,1905.7955385988398
2,8472.64958859884,5529.0,2943.6495885988406
