ID,Zone,Resource,Total_Storage_MWh,Start_Storage_MWh,Change_in_Storage_MWh
27,1,battery,0.0,0.0,0.0
40,2,battery,0.0,0.0,0.0
54,3,battery,0.0,0.0,0.0
56,1,Hydrogen,10359.472686080626,0.0,10359.472686080626
57,2,Hydrogen,0.0,0.0,0.0
58,3,Hydrogen,5285.477790157783,0.0,5285.477790157783
