Line,Total_Transfer_Capacity,Start_Transfer_Capacity,Change_in_Transfer_Capacity
1,4594.903138093236,3702.0,892.9031380932356
2,7609.0447252511185,5529.0,2080.0447252511185
