ID,Zone,Resource,Total_Storage_MWh,Start_Storage_MWh,Change_in_Storage_MWh
27,1,battery,0.0,0.0,0.0
40,2,battery,0.0,0.0,0.0
54,3,battery,0.0,0.0,0.0
56,1,Hydrogen,0.0,0.0,0.0
57,2,Hydrogen,-6.1679756770014734e-12,0.0,-6.1679756770014734e-12
58,3,Hydrogen,39944.72325844843,0.0,39944.72325844843
