Line,Total_Transfer_Capacity,Start_Transfer_Capacity,Change_in_Transfer_Capacity
1,5986.211139999999,3702.0,2284.2111399999994
2,9142.985889999996,5529.0,3613.9858899999963
