ID,Zone,Resource,Total_Storage_MWh,Start_Storage_MWh,Change_in_Storage_MWh
27,1,battery,0.0,0.0,0.0
40,2,battery,0.0,0.0,0.0
54,3,battery,0.0,0.0,0.0
56,1,Hydrogen,549165.9072029464,0.0,549165.9072029464
57,2,Hydrogen,263828.7818741767,0.0,263828.7818741767
58,3,Hydrogen,876288.7062390968,0.0,876288.7062390968
