Total_Costs,Fixed_Costs_Generation,Fixed_Costs_Storage,Fixed_Costs_Transmission,Variable_Costs,NSE_Costs
15721.865861635422,6143.609059840522,-7.701142967359892e-17,131.21437367913157,9403.048845807443,43.99358230831888
