ID,Zone,Resource,Total_Storage_MWh,Start_Storage_MWh,Change_in_Storage_MWh
27,1,battery,0.0,0.0,0.0
40,2,battery,0.0,0.0,0.0
54,3,battery,0.0,0.0,0.0
56,1,Hydrogen,42929.8640189967,0.0,42929.8640189967
57,2,Hydrogen,85562.7422304501,0.0,85562.7422304501
58,3,Hydrogen,9237.489378624563,0.0,9237.489378624563
