Line,Total_Transfer_Capacity,Start_Transfer_Capacity,Change_in_Transfer_Capacity
1,7333.432810963117,3702.0,3631.432810963117
2,10091.472660963118,5529.0,4562.472660963118
