Line,Total_Transfer_Capacity,Start_Transfer_Capacity,Change_in_Transfer_Capacity
1,5513.94986097162,3702.0,1811.9498609716202
2,8158.40035,5529.0,2629.40035
