Total_Costs,Fixed_Costs_Generation,Fixed_Costs_Storage,Fixed_Costs_Transmission,Variable_Costs,NSE_Costs
20353.546982023727,14431.467673500143,17.860693578670038,253.47654090000003,5650.742074044998,0.0
