ID,Zone,Resource,Total_Storage_MWh,Start_Storage_MWh,Change_in_Storage_MWh
27,1,battery,0.0,0.0,0.0
40,2,battery,0.0,0.0,0.0
54,3,battery,0.0,0.0,0.0
56,1,Hydrogen,55498.381626387454,0.0,55498.381626387454
57,2,Hydrogen,256679.7968593851,0.0,256679.7968593851
58,3,Hydrogen,76097.76887661955,0.0,76097.76887661955
