Total_Costs,Fixed_Costs_Generation,Fixed_Costs_Storage,Fixed_Costs_Transmission,Variable_Costs,NSE_Costs
14474.655826931918,4995.365586656052,0.0,37.102603049464435,9407.408963119173,34.778674107628284
