Line,Total_Transfer_Capacity,Start_Transfer_Capacity,Change_in_Transfer_Capacity
1,4471.392169999999,3702.0,769.3921699999992
2,5825.464789999998,5529.0,296.4647899999982
