ID,Zone,Resource,Total_Storage_MWh,Start_Storage_MWh,Change_in_Storage_MWh
27,1,battery,0.0,0.0,0.0
40,2,battery,0.0,0.0,0.0
54,3,battery,0.0,0.0,0.0
56,1,Hydrogen,286502.46551426186,0.0,286502.46551426186
57,2,Hydrogen,0.0,0.0,0.0
58,3,Hydrogen,417262.92436683876,0.0,417262.92436683876
