ID,Zone,Resource,Total_Storage_MWh,Start_Storage_MWh,Change_in_Storage_MWh
27,1,battery,0.0,0.0,0.0
40,2,battery,0.0,0.0,0.0
54,3,battery,0.0,0.0,0.0
56,1,Hydrogen,688879.4856281895,0.0,688879.4856281895
57,2,Hydrogen,644151.6106649055,0.0,644151.6106649055
58,3,Hydrogen,1.3013267916722035e6,0.0,1.3013267916722035e6
