ID,Zone,Resource,Total_Storage_MWh,Start_Storage_MWh,Change_in_Storage_MWh
27,1,battery,0.0,0.0,0.0
40,2,battery,0.0,0.0,0.0
54,3,battery,0.0,0.0,0.0
56,1,Hydrogen,101481.90819798439,0.0,101481.90819798439
57,2,Hydrogen,9.713320754605012e-14,0.0,9.713320754605012e-14
58,3,Hydrogen,314213.1130948042,0.0,314213.1130948042
