ID,Zone,Resource,Total_Storage_MWh,Start_Storage_MWh,Change_in_Storage_MWh
27,1,battery,0.0,0.0,0.0
40,2,battery,0.0,0.0,0.0
54,3,battery,0.0,0.0,0.0
56,1,Hydrogen,178961.98935745406,0.0,178961.98935745406
57,2,Hydrogen,0.0,0.0,0.0
58,3,Hydrogen,350607.89201886853,0.0,350607.89201886853
