Line,Total_Transfer_Capacity,Start_Transfer_Capacity,Change_in_Transfer_Capacity
1,5389.798959999997,3702.0,1687.7989599999974
2,7976.8357000000005,5529.0,2447.8357000000005
