Total_Costs,Fixed_Costs_Generation,Fixed_Costs_Storage,Fixed_Costs_Transmission,Variable_Costs,NSE_Costs,Start_costs
11592.246802883566,1930.5942182597669,0.0,23.730445159368927,9620.948114872808,16.763645891544975,0.2103787
