Total_Costs,Fixed_Costs_Generation,Fixed_Costs_Storage,Fixed_Costs_Transmission,Variable_Costs,NSE_Costs,Start_costs
11600.940497003921,1946.321829145971,0.0,23.664772954275016,9611.278681360931,19.675213542756904,0.0
