Total_Costs,Fixed_Costs_Generation,Fixed_Costs_Storage,Fixed_Costs_Transmission,Variable_Costs,NSE_Costs
11600.940497003921,1946.321829145971,0.0,23.664772954274937,9611.278681360931,19.67521354275705
