ID,Zone,Resource,Total_Storage_MWh,Start_Storage_MWh,Change_in_Storage_MWh
27,1,battery,11062.419642351142,0.0,11062.419642351142
40,2,battery,0.0,0.0,0.0
54,3,battery,33106.4626713189,0.0,33106.4626713189
