Line,Total_Transfer_Capacity,Start_Transfer_Capacity,Change_in_Transfer_Capacity
1,5399.194635957964,3702.0,1697.1946359579642
2,7202.151980327757,5529.0,1673.151980327757
