Line,Total_Transfer_Capacity,Start_Transfer_Capacity,Change_in_Transfer_Capacity
1,5397.3830062630395,3702.0,1695.3830062630395
2,7202.060742076938,5529.0,1673.0607420769384
