Line,Total_Transfer_Capacity,Start_Transfer_Capacity,Change_in_Transfer_Capacity
1,3702.0000000000005,3702.0,4.547473508864641e-13
2,5948.092900000001,5529.0,419.09290000000055
