Line,Total_Transfer_Capacity,Start_Transfer_Capacity,Change_in_Transfer_Capacity
1,5674.020400000003,3702.0,1972.020400000003
2,8328.537399999994,5529.0,2799.537399999994
