Line,Total_Transfer_Capacity,Start_Transfer_Capacity,Change_in_Transfer_Capacity
1,5681.3879114108195,3702.0,1979.3879114108195
2,8462.31259999999,5529.0,2933.31259999999
