Line,Total_Transfer_Capacity,Start_Transfer_Capacity,Change_in_Transfer_Capacity
1,5842.45974,3702.0,2140.4597400000002
2,8707.469889999998,5529.0,3178.4698899999985
