Line,Total_Transfer_Capacity,Start_Transfer_Capacity,Change_in_Transfer_Capacity
1,4090.775850000001,3702.0,388.7758500000009
2,6133.389125,5529.0,604.3891249999997
