Line,Total_Transfer_Capacity,Start_Transfer_Capacity,Change_in_Transfer_Capacity
1,5534.935493976435,3702.0,1832.9354939764353
2,8565.367393976434,5529.0,3036.367393976434
