ID,Zone,Resource,Total_Storage_MWh,Start_Storage_MWh,Change_in_Storage_MWh
27,1,battery,0.0,0.0,0.0
40,2,battery,0.0,0.0,0.0
54,3,battery,0.0,0.0,0.0
56,1,Hydrogen,11556.334793374503,0.0,11556.334793374503
57,2,Hydrogen,0.0,0.0,0.0
58,3,Hydrogen,3317.5051625000006,0.0,3317.5051625000006
