Line,Total_Transfer_Capacity,Start_Transfer_Capacity,Change_in_Transfer_Capacity
1,5310.544633682626,3702.0,1608.5446336826262
2,8289.941433682627,5529.0,2760.9414336826267
