ID,Zone,Resource,Total_Storage_MWh,Start_Storage_MWh,Change_in_Storage_MWh
27,1,battery,0.0,0.0,0.0
40,2,battery,0.0,0.0,0.0
54,3,battery,0.0,0.0,0.0
56,1,Hydrogen,100337.46757505042,0.0,100337.46757505042
57,2,Hydrogen,0.0,0.0,0.0
58,3,Hydrogen,5046.237812315757,0.0,5046.237812315757
