Total_Costs,Fixed_Costs_Generation,Fixed_Costs_Storage,Fixed_Costs_Transmission,Variable_Costs,NSE_Costs
14214.849806517524,5210.5858167501765,1.3011525583974266,109.29202215790049,8859.014706776741,34.65610827685948
