Line,Total_Transfer_Capacity,Start_Transfer_Capacity,Change_in_Transfer_Capacity
1,5128.974830000001,3702.0,1426.974830000001
2,7815.73655,5529.0,2286.7365499999996
