Line,Total_Transfer_Capacity,Start_Transfer_Capacity,Change_in_Transfer_Capacity
1,5724.537420000001,3702.0,2022.5374200000006
2,8680.62752,5529.0,3151.62752
